Parameter,Value
MSE,0.1411042944785276
MAE,0.1411042944785276
R-SQUARED,0.3208333333333333
RMSE,0.37563851570163515
ACCURACY,0.8588957055214724
