Parameter,Value
MSE,0.31901840490797545
MAE,0.31901840490797545
R-SQUARED,-0.5173648406731117
RMSE,0.5648171428949156
ACCURACY,0.6809815950920245
