Parameter,Value
MSE,0.11042944785276074
MAE,0.11042944785276074
R-SQUARED,0.4863445378151261
RMSE,0.3323092653730268
ACCURACY,0.8895705521472392
