Parameter,Value
MSE,0.147239263803681
MAE,0.147239263803681
R-SQUARED,0.37126325940212157
RMSE,0.3837176876346476
ACCURACY,0.852760736196319
