Parameter,Value
MSE,0.10429447852760736
MAE,0.10429447852760736
R-SQUARED,0.5413770274743462
RMSE,0.3229465567669167
ACCURACY,0.8957055214723927
