Parameter,Value
MSE,0.41935483870967744
MAE,0.41935483870967744
R-SQUARED,-0.6791666666666665
RMSE,0.6475761258027333
ACCURACY,0.5806451612903226
