Parameter,Value
MSE,0.15950920245398773
MAE,0.15950920245398773
R-SQUARED,0.27998640842677536
RMSE,0.399386031871406
ACCURACY,0.8404907975460123
