Parameter,Value
MSE,0.6748466257668712
MAE,0.6748466257668712
R-SQUARED,-2.075471698113208
RMSE,0.8214904903691042
ACCURACY,0.32515337423312884
