Parameter,Value
MSE,0.03318077803203661
MAE,0.03318077803203661
R-SQUARED,0.46230716705448727
RMSE,0.18215591681863263
ACCURACY,0.9668192219679634
