Parameter,Value
MSE,0.1935483870967742
MAE,0.1935483870967742
R-SQUARED,0.2051282051282053
RMSE,0.43994134506405985
ACCURACY,0.8064516129032258
