Parameter,Value
MSE,0.02402745995423341
MAE,0.02402745995423341
R-SQUARED,0.6106362244187666
RMSE,0.15500793513311958
ACCURACY,0.9759725400457666
