Parameter,Value
MSE,0.02488558352402746
MAE,0.02488558352402746
R-SQUARED,0.5967303752908655
RMSE,0.15775165141458095
ACCURACY,0.9751144164759725
